{"assets/animations/animation_failure.json":["assets/animations/animation_failure.json"],"assets/animations/animation_success.json":["assets/animations/animation_success.json"],"assets/animations/animation_upload.json":["assets/animations/animation_upload.json"],"assets/fake_json/get_project.json":["assets/fake_json/get_project.json"],"assets/fake_json/get_project_empty.json":["assets/fake_json/get_project_empty.json"],"assets/images/image_placeholder.jpeg":["assets/images/image_placeholder.jpeg"],"assets/images/tray_icon.ico":["assets/images/tray_icon.ico"],"assets/images/tray_icon.png":["assets/images/tray_icon.png"],"assets/images/tray_icon_original.ico":["assets/images/tray_icon_original.ico"],"assets/images/tray_icon_original.png":["assets/images/tray_icon_original.png"],"assets/translations/en-US.json":["assets/translations/en-US.json"],"packages/cupertino_icons/assets/CupertinoIcons.ttf":["packages/cupertino_icons/assets/CupertinoIcons.ttf"],"packages/easy_localization/i18n/ar-DZ.json":["packages/easy_localization/i18n/ar-DZ.json"],"packages/easy_localization/i18n/ar.json":["packages/easy_localization/i18n/ar.json"],"packages/easy_localization/i18n/en-US.json":["packages/easy_localization/i18n/en-US.json"],"packages/easy_localization/i18n/en.json":["packages/easy_localization/i18n/en.json"],"packages/font_awesome_flutter/lib/fonts/fa-brands-400.ttf":["packages/font_awesome_flutter/lib/fonts/fa-brands-400.ttf"],"packages/font_awesome_flutter/lib/fonts/fa-regular-400.ttf":["packages/font_awesome_flutter/lib/fonts/fa-regular-400.ttf"],"packages/font_awesome_flutter/lib/fonts/fa-solid-900.ttf":["packages/font_awesome_flutter/lib/fonts/fa-solid-900.ttf"],"packages/window_manager/images/ic_chrome_close.png":["packages/window_manager/images/ic_chrome_close.png"],"packages/window_manager/images/ic_chrome_maximize.png":["packages/window_manager/images/ic_chrome_maximize.png"],"packages/window_manager/images/ic_chrome_minimize.png":["packages/window_manager/images/ic_chrome_minimize.png"],"packages/window_manager/images/ic_chrome_unmaximize.png":["packages/window_manager/images/ic_chrome_unmaximize.png"]}